views,title
5296262,The price of a pic with A’ja? One husband 🤣
3285635,Mercury take the floor!
2243896,Locked in 😮‍💨
1288754,Candace Parker’s son has a dance off with Usher! 😂
1050650,"Indiana Fever vs. Los Angeles Sparks | FULL GAME HIGHLIGHTS | May 13, 2026"
1027215,Kahleah Copper gettin’ warm!
1014696,Chelsea went crazy in the tunnel 😭
903802,Sharing the love 💕
792121,Aces take the floor!
788201,The moments that matter the most 🥹
745240,Rich Paul 🤝 Juvenile
490047,The Engine’s runnin’ early 🔥
448427,AT couldn’t believe her eyes 👀
429597,"Indiana Fever vs. Minnesota Lynx | CHAMPIONSHIP FULL GAME HIGHLIGHTS | July 1, 2025"
426662,"Golden State Valkyries vs. Indiana Fever | FULL GAME HIGHLIGHTS | May 22, 2026"
421303,"Chicago Sky vs. Indiana Fever | FULL GAME HIGHLIGHTS | May 17, 2025"
372926,Aces take a 2-0 series lead in the Finals 🔥
367523,Kah greets ESPN crew 🤝
359737,"Dallas Wings vs. Indiana Fever | FULL GAME HIGHLIGHTS | July 13, 2025"
353595,The fits are fire 🔥
329892,"Indiana Fever vs. Golden State Valkyries | FULL GAME HIGHLIGHTS | June 19, 2025"
322724,"Washington Mystics vs. Indiana Fever | FULL GAME HIGHLIGHTS | May 15, 2026"
315421,"Indiana Fever vs. Atlanta Dream | FULL GAME HIGHLIGHTS | May 10, 2025"
306462,Mother knows best 😏
304429,"Seattle Storm vs. Indiana Fever | FULL GAME HIGHLIGHTS | May 17, 2026"
274905,"Washington Mystics vs. Indiana Fever | FULL GAME HIGHLIGHTS | May 3, 2025"
265907,"Indiana Fever vs. Las Vegas Aces | FULL GAME HIGHLIGHTS | September 30, 2025"
265531,Chelsea Gray celebrates with her family post game after winning Game 1 👐
258817,"Indiana Fever vs. Seattle Storm | FULL GAME HIGHLIGHTS | June 24, 2025"
252390,"Indiana Fever vs. Atlanta Dream | FULL GAME HIGHLIGHTS | May 22, 2025"
249695,A’ja Wilson is ready for Game 2 🙌
249015,"Las Vegas Aces vs. Indiana Fever | FULL GAME HIGHLIGHTS | September 26, 2025"
245713,"Indiana Fever vs. Atlanta Dream | FULL GAME HIGHLIGHTS | September 18, 2025"
239140,"New York Liberty vs. Indiana Fever | FULL GAME HIGHLIGHTS | May 24, 2025"
238287,"New York Liberty vs. Indiana Fever | FULL GAME HIGHLIGHTS | June 14, 2025"
237794,"Indiana Fever vs. Los Angeles Sparks | FULL GAME HIGHLIGHTS | August 29, 2025"
231394,"Indiana Fever vs. Connecticut Sun | FULL GAME HIGHLIGHTS | July 15, 2025"
229405,"Indiana Fever vs. Dallas Wings | FULL GAME HIGHLIGHTS | August 1, 2025"
229046,"Indiana Fever vs. Chicago Sky | FULL GAME HIGHLIGHTS | June 7, 2025"
213283,"Dallas Wings vs. Indiana Fever | FULL GAME HIGHLIGHTS | May 9, 2026"
207100,"Los Angeles Sparks vs. Indiana Fever | FULL GAME HIGHLIGHTS | July 5, 2025"
206946,"Indiana Fever vs. Las Vegas Aces | FULL GAME HIGHLIGHTS | June 22, 2025"
202579,"Indiana Fever vs. Brazil National Team | FULL GAME HIGHLIGHTS | May 4, 2025"
201954,"Washington Mystics vs. Indiana Fever | FULL GAME HIGHLIGHTS | June 3, 2025"
199271,"Indiana Fever vs. Connecticut Sun  | FULL GAME HIGHLIGHTS | August 17, 2025"
198500,"Indiana Fever vs. New York Liberty | FULL GAME HIGHLIGHTS | April 25, 2026"
195531,"Nigeria National Team vs. Indiana Fever | FULL GAME HIGHLIGHTS | May 2, 2026"
190438,"Indiana Fever vs. Las Vegas Aces | FULL GAME HIGHLIGHT | September 23, 2025"
187250,"Los Angeles Sparks vs. Indiana Fever | FULL GAME HIGHLIGHTS | June 26, 2025"
172285,"Indiana Fever vs. New York Liberty | FULL GAME HIGHLIGHTS | July 22, 2025"
169612,"Dallas Wings vs. Indiana Fever | FULL GAME HIGHLIGHTS | August 12, 2025"
164559,"Atlanta Dream vs. Minnesota Lynx | FULL GAME HIGHLIGHTS | May 9, 2026"
160899,"Dallas Wings vs. Indiana Fever | FULL GAME HIGHLIGHTS | April 30, 2026"
155095,"Las Vegas Aces vs. Los Angeles Sparks | FULL GAME HIGHLIGHTS | May 10, 2026"
150544,"Connecticut Sun vs. Indiana Fever | FULL GAME HIGHLIGHTS | May 30, 2025"
150384,"Portland Fire vs. Indiana Fever | FULL GAME HIGHLIGHTS | May 20, 2026"
144999,"Dallas Wings vs. Las Vegas Aces | FULL GAME HIGHLIGHTS | May 2, 2025"
143170,"Washington Mystics vs. Indiana Fever | FULL GAME HIGHLIGHTS | August 15, 2025"
138115,"Los Angeles Sparks vs. Las Vegas Aces | FULL GAME HIGHLIGHTS | May 23, 2026"
131845,Want to see a DIME? ✨
128474,"Las Vegas Aces vs. Atlanta Dream | FULL GAME HIGHLIGHTS | May 17, 2026"
128039,"Minnesota Lynx vs. Dallas Wings | FULL GAME HIGHLIGHTS | May 14, 2026"
126843,"Indiana Fever vs. Washington Mystics | FULL GAME HIGHLIGHTS | September 7, 2025"
122558,"Phoenix Mercury vs Indiana Fever | FULL GAME HIGHLIGHTS | August 7, 2025"
114867,"Indiana Fever vs. Phoenix Mercury | FULL GAME HIGHLIGHTS | September 2, 2025"
114380,"Atlanta Dream vs. Dallas Wings | FULL GAME HIGHLIGHTS | May 12, 2026"
111166,"Chicago Sky vs. Brazil National Team | FULL GAME HIGHLIGHTS | May 2, 2025"
108608,"Dallas Wings vs. Chicago Sky | FULL GAME HIGHLIGHTS | May 29, 2025"
107210,"Japan National Team vs. Las Vegas Aces | FULL GAME HIGHLIGHTS | April 26, 2026"
106803,Caitlin Clark Puts on Another Historic Performance vs. the Atlanta Dream!
104507,The Aces Big 3 are in the building 👀
103533,"Chicago Sky vs. Golden State Valkyries | FULL GAME HIGHLIGHTS | May13, 2026"
101845,"Minnesota Lynx vs. Indiana Fever | FULL GAME HIGHLIGHTS | August 24, 2025"
96381,"Dallas Wings vs. New York Liberty | FULL GAME HIGHLIGHTS | May 24, 2026"
96345,"Phoenix Mercury vs. Atlanta Dream | FULL GAME HIGHLIGHTS | May 24, 2026"
95651,A’ja Wilson’s “why” is her family ❤️
94466,"Chicago Sky vs. Dallas Wings | FULL GAME HIGHLIGHTS | May 31, 2025"
92706,"Golden State Valkyries vs. Seattle Storm | FULL GAME HIGHLIGHTS | April 25, 2026"
92390,"Chicago Sky vs. Minnesota Lynx | FULL GAME HIGHLIGHTS | May 17, 2026"
92235,"Toyota Antelopes vs. Dallas Wings | FULL GAME HIGHLIGHTS | May 10, 2025"
90917,CAITLIN CLARK 3Q BUZZER BEATER 🤯
89546,"Dallas Wings vs. Atlanta Dream | FULL GAME HIGHLIGHTS | May 22, 2026"
89306,Paige Bueckers’ Midrange Masterclass at No. 1 | Rookies Week
89275,"Washington Mystics vs. Dallas Wings | FULL GAME HIGHLIGHTS | May 18, 2026"
89125,"New York Liberty vs. Portland Fire | FULL GAME HIGHLIGHTS | May 12, 2026"
87957,"Chicago Sky vs. Portland Fire | FULL GAME HIGHLIGHTS | May 9, 2026"
85393,"Phoenix Mercury vs. Minnesota Lynx | FULL GAME HIGHLIGHTS | September 23, 2025"
84733,"Dallas Wings vs. Chicago Sky | FULL GAME HIGHLIGHTS | May 20, 2026"
82495,Satou Sabally Arrives Ahead of New York Liberty Debut
81566,"Seattle Storm vs. Connecticut Sun | FULL GAME HIGHLIGHTS | May 10, 2026"
79939,"Seattle Storm vs. Las Vegas Aces | FULL GAME HIGHLIGHTS | September 16, 2025"
78623,"Las Vegas Aces vs. Phoenix Mercury | FULL GAME HIGHLIGHTS | May 6, 2025"
78277,"Washington Mystics vs. Toronto Tempo | FULL GAME HIGHLIGHTS | May 8, 2026"
77828,"Las Vegas Aces vs. Minnesota Lynx | FULL GAME HIGHLIGHTS | September 4, 2025"
77750,"New York Liberty vs. Washington Mystics | FULL GAME HIGHLIGHTS | May 10, 2026"
77081,Hennessy Arena 2x2 Showcase
76758,"Dallas Wings vs. Connecticut Sun | FULL GAME HIGHLIGHTS | May 27, 2025"
76157,"Golden State Valkyries vs. Seattle Storm | FULL GAME HIGHLIGHTS | May 8, 2026"
75214,"Las Vegas Aces vs. Dallas Wings | FULL GAME HIGHLIGHTS | May 3, 2026"
75213,"Golden State Valkyries vs. Los Angeles Sparks | FULL GAME HIGHLIGHTS | June 9, 2025"
73947,"Chicago Sky vs. Los Angeles Sparks | June 29, 2025"
72360,"Chicago Sky vs. Phoenix Mercury | FULL GAME HIGHLIGHTS | April 25, 2026"
72263,"Atlanta Dream vs. Chicago Sky | FULL GAME HIGHLIGHTS | April 29, 2026"
71546,"Dallas Wings vs. Chicago Sky | FULL GAME HIGHLIGHTS | July 9, 2025"
71448,MOOD FOR THE ACES’ CHAMPIONSHIP PARADE TOMORROW 🏆
68869,"Golden State Valkyries vs. New York Liberty | FULL GAME HIGHLIGHTS | May 21, 2026"
68804,"Golden State Valkyries vs. Dallas Wings | FULL GAME HIGHLIGHTS | June 17, 2025"
68130,"Connecticut Sun vs. New York Liberty | FULL GAME HIGHLIGHTS | May 8, 2026"
67860,"Nigeria National Team vs. Minnesota Lynx | FULL GAME HIGHLIGHTS | April 27, 2026"
66426,"Minnesota Lynx vs. Golden State Valkyries | FULL GAME HIGHLIGHTS | September 14, 2025"
66415,"Minnesota Lynx vs. Golden State Valkyries | FULL GAME HIGHLIGHTS | June 1, 2025"
65975,Lauren Betts &amp; Angela Dugalić React to Being Drafted to the Washington Mystics 🥹
64991,"Los Angeles Sparks vs. Seattle Storm | DOUBLE OT FULL GAME HIGHLIGHTS | August 1, 2025"
63198,"Dallas Wings vs. Seattle Storm | FULL GAME HIGHLIGHTS | July 22, 2025"
61259,"Toronto Tempo vs. Phoenix Mercury | FULL GAME HIGHLIGHTS | May 19, 2026"
60792,"New York Liberty vs. Portland Fire | FULL GAME HIGHLIGHTS | May 14, 2026"
60350,"Toronto Tempo vs. Los Angeles Sparks | FULL GAME HIGHLIGHTS | May 17, 2026"
60134,"Dallas Wings vs. Golden State Valkyries | FULL GAME HIGHLIGHTS | September 4, 2025"
59875,"Chicago Sky vs. Washington Mystics | FULL GAME HIGHLIGHTS | June 17, 2025"
58372,"Las Vegas Aces vs. Connecticut Sun | FULL GAME HIGHLIGHTS | May 13, 2026"
58351,"Chicago Sky vs. Atlanta Dream | FULL GAME HIGHLIGHTS | June 13, 2025"
58155,"Connecticut Sun vs. Portland Fire | FULL GAME HIGHLIGHTS | May 18, 2026"
56590,"Phoenix Mercury vs. Golden State Valkyries | FULL GAME HIGHLIGHTS | May 10, 2026"
56542,Becky Hammon x Crime Mob 💃
56325,"Washington Mystics vs. Seattle Storm | FULL GAME HIGHLIGHTS | May 24, 2026"
55310,"Los Angeles Sparks vs. Dallas Wings | FULL GAME HIGHLIGHTS | August 15, 2025"
55268,"Chicago Sky vs. Washington Mystics | FULL GAME HIGHLIGHTS | July 29, 2025"
55142,"Seattle Storm vs. Las Vegas Aces | FULL GAME HIGHLIGHTS | September 14, 2025"
54855,"Minnesota Lynx vs. Phoenix Mercury | FULL GAME HIGHLIGHTS | May 12, 2026"
54294,"Las Vegas Aces vs. Phoenix Mercury | FULL GAME HIGHLIGHTS | August 21,  2025"
53252,"Los Angeles Sparks vs. Golden State Valkyries Full Game Highlights I August 9, 2025 "
53230,Azzi Fudd Switched Fits on Draft Night 👗✨
53132,"Dallas Wings vs. Connecticut Sun | FULL GAME HIGHLIGHTS | June 19, 2025"
53101,"Washington Mystics vs. Minnesota Lynx | FULL GAME HIGHLIGHTS | August 8, 2025"
53020,"Minnesota Lynx vs. New York Liberty | FULL GAME HIGHLIGHTS | August 10, 2025"
52859,"Chicago Sky vs. Phoenix Mercury | FULL GAME HIGHLIGHTS | May 15, 2026"
52661,"Toronto Tempo vs. Los Angeles Sparks | FULL GAME HIGHLIGHTS | May 15, 2026"
52181,"Minnesota Lynx vs. Chicago Sky | FULL GAME HIGHLIGHTS | May 23, 2026"
51704,No. 1 Pick Azzi Fudd Arrives For Preseason Debut in Indy
51401,"Las Vegas Aces vs. Connecticut Sun | FULL GAME HIGHLIGHTS | May 15, 2026"
49945,"Las Vegas Aces vs. Seattle Storm | FULL GAME HIGHLIGHTS | June 1, 2025"
49860,"Los Angeles Sparks vs. Minnesota Lynx | FULL GAME HIGHLIGHTS | June 21, 2025"
49421,"Golden State Valkyries vs. Las Vegas Aces | FULL GAME HIGHLIGHTS | July 12, 2025"
49370,The Mystics Rooks 🤩
49102,"Las Vegas Aces vs. Los Angeles Sparks | FULL GAME HIGHLIGHTS | July 29, 2025"
48442,"Minnesota Lynx vs. Washington Mystics | FULL GAME HIGHLIGHTS | April 25, 2026"
46713,"Atlanta Dream vs. Chicago Sky | FULL GAME HIGHLIGHTS | June 22, 2025"
46193,"Golden State Valkyries vs. Minnesota Lynx | FULL GAME HIGHLIGHTS | July 5, 2025"
45532,"Washington Mystics vs. Las Vegas Aces | FULL GAME HIGHLIGHTS | June 26, 2025"
45073,"Connecticut Sun vs. New York Liberty | FULL GAME HIGHLIGHTS | June 1, 2025"
44982,"Connecticut Sun vs. Seattle Storm | FULL GAME HIGHLIGHTS | May 22, 2026"
44917,The Valley’s ready. Mercury vs. Everybody! 🏜️
44787,"Portland Fire vs. Seattle Storm | FULL GAME HIGHLIGHTS | April 29, 2026"
44775,"Los Angeles Sparks vs. Phoenix Mercury | FULL GAME HIGHLIGHTS | May 21, 2026"
44710,"Chicago Sky vs. Atlanta Dream | FULL GAME HIGHLIGHTS | July 16, 2025"
44067,"Dallas Wings vs. Phoenix Mercury | FULL GAME HIGHLIGHTS | July 7, 2025"
43999,"Chicago Sky vs. Las Vegas Aces | FULL GAME HIGHLIGHTS | September 7, 2025"
43678,Post-dub sounds w/ the Aces!
43646,"Phoenix Mercury vs. Las Vegas Aces | FULL GAME HIGHLIGHTS | May 9, 2026"
43505,Game 1 buckets on the Phantom Cam!
43344,"Portland Fire vs. New York Liberty | FULL GAME HIGHLIGHTS | May 25, 2026"
43324,"Connecticut Sun vs. Toronto Tempo | FULL GAME HIGHLIGHTS | April 29, 2026"
43261,"Portland Fire vs. Toronto Tempo | FULL GAME HIGHLIGHTS | May 23, 2026"
43231,"Toronto Tempo vs. Minnesota Lynx | FULL GAME HIGHLIGHTS | May 21, 2026"
42770,Alyssa Thomas on chasing her first championship 🙌
42289,"Atlanta Dream vs. Washington Mystics | FULL GAME HIGHLIGHTS | May 16, 2025"
42267,"Toronto Tempo vs. Minnesota Lynx | FULL GAME HIGHLIGHTS | May 1, 2026"
42076,"Las Vegas Aces vs. Connecticut Sun | FULL GAME HIGHLIGHTS | May 20, 2025"
41980,Angel Reese Locked In Ahead of Home Preseason Debut 🔒
41925,"Connecticut Sun vs. Golden State Valkyries | FULL GAME HIGHLIGHTS | May 25, 2026"
41872,"Golden State Valkyries vs. Seattle Storm | FULL GAME HIGHLIGHTS | September 9, 2025"
40891,"Phoenix Mercury vs. Minnesota Lynx | FULL GAME HIGHLIGHTS | July 16, 2025"
40631,"Connecticut Sun vs. Seattle Storm | FULL GAME HIGHLIGHTS | May 20, 2026"
40580,Indiana Fever vs. Atlanta Dream Game 3 Post-Game Press Conferences
40318,"Connecticut Sun vs. Chicago Sky | FULL GAME HIGHLIGHTS | August 23, 2025"
39699,"Las Vegas Aces vs. Atlanta Dream | FULL GAME HIGHLIGHTS | August 20, 2025"
39555,"Seattle Storm vs. Phoenix Mercury | FULL GAME HIGHLIGHTS | May 17, 2025"
39466,Top 10 Viral Moments: No. 8
39331,A&#39;ja Wilson showin&#39; her love to Becky Hammon!
39196,"Connecticut Sun vs. Los Angeles Sparks | FULL GAME HIGHLIGHTS | July 13, 2025"
38974,"New York Liberty vs. Seattle Storm | FULL GAME HIGHLIGHTS | September 5, 2025"
38850,"New York Liberty vs. Atlanta Dream | FULL GAME HIGHLIGHTS | June 25, 2025"
38749,Angel Reese Arrives in Chicago!
38719,"Washington Mystics vs. Golden State Valkyries | FULL GAME HIGHLIGHTS | May 21, 2025"
38663,"Chicago Sky vs. Phoenix Mercury | FULL GAME HIGHLIGHTS | August 28, 2025"
38620,"Phoenix Mercury vs. New York Liberty | FULL GAME HIGHLIGHTS | August 30, 2025"
38521,"Atlanta Dream vs. Los Angeles Sparks | FULL GAME HIGHLIGHTS | May 27, 2025"
38236,"Phoenix Mercury vs. Los Angeles Sparks | FULL GAME HIGHLIGHTS | August 26, 2025"
37906,"Chicago Sky vs. Las Vegas Aces | FULL GAME HIGHLIGHTS | September 9, 2025"
37115,"Seattle Storm vs. Minnesota Lynx | FULL GAME HIGHLIGHTS | May 27, 2025"
36791,Built on togetherness. Fueled by culture. ♠️
36628,"New York Liberty vs. Washington Mystics | FULL GAME HIGHLIGHTS | May 30, 2025"
36588,"Los Angeles Sparks vs. Phoenix Mercury | FULL GAME HIGHLIGHTS | May 21, 2025"
36475,Indiana Fever 2025 Season Highlights
36260,Indiana Fever vs Las Vegas Aces Game 5 Post-Game Press Conferences
36213,"Las Vegas Aces vs. Phoenix Mercury | FULL GAME HIGHLIGHTS | August 15, 2025"
36116,"Minnesota lynx vs. Golden State Valkyries | FULL GAME HIGHLIGHTS | September 11, 2025"
35508,"Nigerian National Team vs. Los Angeles Sparks | FULL GAME HIGHLIGHTS | April 25, 2026"
35433,"Connecticut Sun vs. Minnesota Lynx | FULL GAME HIGHLIGHTS | June 29, 2025"
35420,"Seattle Storm vs. Atlanta Dream | FULL GAME HIGHLIGHTS | July 3, 2025"
34792,"Golden State Valkyries vs. Chicago Sky | FULL GAME HIGHLIGHTS | August 15, 2025"
34637,UCLA Coach Michaela Onyenwere Reunites with Betts &amp; Dugalić on the Mystics 💙
34487,"Las Vegas Aces vs. Connecticut Sun | FULL GAME HIGHLIGHTS | July 6, 2025"
34481,"Golden State Valkyries vs Las Vegas Aces | FULL GAME HIGHLIGHTS | August 3, 2025"
34344,"Las Vegas Aces vs. Minnesota Lynx | FULL GAME HIGHLIGHTS | June 17, 2025"
34081,"Los Angeles Sparks vs. Phoenix Mercury | FULL GAME HIGHLIGHTS | September 9, 2025"
34081,"Los Angeles Sparks vs. Atlanta Dream  | FULL GAME HIGHLIGHTS | September 3, 2025"
33751,"Connecticut Sun vs. Dallas Wings | FULL GAME HIGHLIGHTS | August 27, 2025"
33722,"Washington Mystics vs. Los Angeles Sparks | FULL GAME HIGHLIGHTS I August 17, 2025"
33665,"Connecticut Sun vs. Atlanta Dream | FULL GAME HIGHLIGHTS | September 8, 2025"
33325,Rookies Week: Paige Bueckers at No. 8️⃣
32529,Enjoy 3 minutes of scrimmage highlights from the final day of the #USABWNT Camp!
32296,"Washington Mystics vs. Chicago Sky Full Game Highlights I August 5, 2025 "
31786,"Los Angeles Sparks vs. Connecticut Sun | FULL GAME HIGHLIGHTS | July 24, 2025"
31722,Angel Reese Dream Debut Loading…
31671,Top 10 Viral Moments: No. 3
30347,Count it for Angel Reese 😤 #USABWNT
30231,Las Vegas Aces vs Indiana Fever Game 4 Post-Game Press Conferences
30073,Viewer Discretion: Anthem | Welcome To The W
29703,"Connecticut Sun vs. Minnesota Lynx | FULL GAME HIGHLIGHTS | May 24, 2025"
29545,"Atlanta Dream vs. Connecticut Sun | FULL GAME HIGHLIGHTS | September 10, 2025"
29254,"Los Angeles Sparks vs. Portland Fire | FULL GAME HIGHLIGHTS | May 3, 2026"
29244,Top 10 Viral Moments: No. 5
29114,"New York Liberty vs. Connecticut Sun | FULL GAME HIGHLIGHTS | May 3, 2026"
29092,"Seattle Storm vs. Atlanta Dream | FULL GAME HIGHLIGHTS | August 15, 2025"
28826,This Squad! Locked in for #USABWNT Camp Day 1 🇺🇸
28514,"Connecticut Sun vs. Seattle Storm | FULL GAME HIGHLIGHTS | July 11, 2025"
28458,"Seattle Storm vs. Washington Mystics | FULL GAME HIGHLIGHTS | July 26, 2025"
28242,Paige Bueckers Named June Rookie of the Month
27960,"Atlanta Dream vs. Connecticut Sun | FULL GAME HIGHLIGHTS | September 1, 2025"
27853,"Seattle Storm vs. Washington Mystics | FULL GAME HIGHLIGHTS | August 24, 2025"
27579,A New Era for the Sky Starts Today ✨
27172,"Golden State Valkyries vs Connecticut Sun | FULL GAME HIGHLIGHTS | July 27, 2025"
26983,Flau’jae is ready for year 1 with the Seattle Storm
26443,A&#39;ja Wilson Drops 31 PTS and Wins Finals MVP In Aces&#39; Championship Game!
25273,Message to the X Factor!
25173,Gabby Williams led the league in steals 🙌
24920,Seeing Double 🤣 #USABWNT
24909,Madina Okot vs Lauren Betts: From NCAA Championship to the Pros
24837,"Kate Martin Drops a Career-High 21 PTS vs. the Liberty 🙌 (June 25, 2025)"
24722,"Phoenix Mercury vs. Connecticut Sun | FULL GAME HIGHLIGHTS | September 6, 2026"
24597,"Seattle Storm vs. Los Angeles Sparks | FULL GAME HIGHLIGHTS | June 17, 2025"
24435,Kiki Iriafen Teaches Sonia Citron The Art of The Smize 🤣
24410,Top 10 Viral Moments: No. 1
23724,Wings Arrive For First Preseason Matchup vs. Fever!
23355,"Phoenix Mercury vs. Seattle Storm | FULL GAME HIGHLIGHTS | August 17, 2025"
23065,"Atlanta Dream vs. Golden State Valkyries | FULL GAME HIGHLIGHTS | August 17, 2025"
22989,No. 2 Pick Olivia Miles Explains Why Her Family’s Name Is Stitched Into Her Draft Blazer 🧡
22591,Arrived Locked 🕶️
22179,Aliyah Boston’s Mood Heading Into Year 4 💁‍♀️
22115,"Connecticut Sun vs. Washington Mystics I FULL GAME HIGHLIGHTS I August 19, 2025"
21962,Golden State Valkyries Arrive in New York for Liberty Matchup!
21533,"Golden State Valkyries vs. Phoenix Mercury | FULL GAME HIGHLIGHTS | August 22, 2025"
21113,Caitlin Clark is READY for YEAR 3️⃣
21015,"December 12, 2025"
20521,Sights and sounds at Day 1 of the #USABWNT Camp 🤩
20434,Caitlin Clark Pulls an Uno Reverse at Media Day 🔄
20011,Off Top with Ari Chambers and the Golden State Valkyries
19537,The 2026 Draftees Guess Old School Items 👀😂
19326,"December 13, 2025"
19115,"Connecticut Sun vs. Washington Mystics | FULL GAME HIGHLIGHTS | August 21, 2025"
19017,Top Plays: Month of June
18657,How time flies 🥹The “Young N Turnt” Class has been showin’ out at the #USABWNT Camp!
18057,Forever #10 💙
17958,Brittney Sykes Counts to 10 for Year 10 With The Tempo!
17743,Who is Dominique Malonga Going to Dunk on This SZN 👀
17694,The Dallas Wings Share Their Hot Takes 🔥
17201,Throwback to Sabrina’s game winner 🔥🔥
16583,Elite defense from Lexie Hull in the playoffs 👌
16471,"Phoenix Mercury vs. Las Vegas Aces | FULL GAME HIGHLIGHTS | June 15, 2025"
16418,Caitlin Clark Arrives For Year 3
16181,Mystics Arrive in ATL for Game Day ☀️
15650,A matchup you can’t miss 🙌 Liberty vs Storm today at 1pm/ET on CBS
15497,Mystics rookie &amp; proud ‘Scandal’ fan Kiki Iriafen got a message from Kerry Washington herself!
15495,Sparks Arrive For Preseason 👀
14914,Azzi Fudd’s First Media Day with the Dallas Wings
14354,Ellie &amp; Sab are the best of friends 😂
14169,Diana Taurasi x Caitlin Clark: Greatness Keeps Evolving.
13927,Paige Bueckers Ready For Year 2 With The Wings!
13603,Kiki Iriafen Set for Preseason Debut in Year 2
13560,Monique Akoa Makani is made for this 🔥
13559,"Japan National Team vs. Phoenix Mercury | FULL GAME HIGHLIGHTS | April 29, 2026"
13422,Toronto Tempo Get Ready for Media Day 💄✨
13299,Vibes are high at #USABWNT Camp 👀
13093,A&#39;ja Wilson Pre-Game Sprint
12939,A’ja Wilson is runnin’ it BACK with the Aces!
12623,Angel Showin’ Love To Dream Fans Postgame in ATL ❤️
12564,Angel Reese: First Career Triple-Double &amp; Youngest Post Player | Milestones Week
12437,Minnesota Lynx vs Phoenix Mercury Game 3 Post-Game Press Conferences
12177,A&#39;ja Wilson Drops  28-PT Double-Double In Aces Game 2 Win
12145,Road to September: Indiana Fever
12060,Cameron Brink Works on Hand-Eye Coordination Before Tip 🤹‍♀️
12004,Odyssey Sims showed up BIG in the Fever dub!
11910,Sonia Citron CALLS GAME at No. 2️⃣ | Rookies Week
11892,Rookies Week: Saniya Rivers Denies It at #5
11737,Jackie Young Records Her First Career Triple-Double… Twice | Milestones Week
11490,Assists Week: Alyssa Thomas
11260,Saniya Rivers 🔒 | Defense Week
10987,Year 1 - Next Up 
10582,NC State Built this Duo 🐺❤️
10521,Azzi Fudd Drops 24 PTS &amp; Six Triples in Career Night vs. Liberty 🔥
10484,Indiana Fever vs Las Vegas Aces Game 2 Post-Game Press Conferences
10212,Draft Night Messages: Raven Johnson Reaction to Hearing from Her Uncle After Getting Drafted
10122,"Hailey Van Lith Drops Career-High 16 PTS vs. Connecticut! 🙌 (June 15, 2025)"
10118,Top 10 Viral Moments: No. 10
10092,Chelsea Gray went OFF in Day 3 of Camp 😮‍💨 #usabwnt
9665,Raven Johnson on Getting to Play With Former Teammate Aliyah Boston for the Fever! 🔥
8979,Phoenix Mercury vs Las Vegas Aces Game 2 Post-Game Press Conferences
8923,Top Plays From Week 1
8855,Top Long Distance Buckets of the Season
8819,What’ll these players remember forever?! 🤔
8766,Kelsey Plum Drops 38 PTS in Sparks Thriller Win 🤯
8759,A&#39;ja Wilson Drops 45 PTS in Las Vegas Aces Win 🔥
8555,Las Vegas Aces vs Indiana Fever Game 3 Post-Game Press Conferences
8504,Player Reps React to their Picks!
8262,Draft Night Messages: Awa Fam Thiam Hears from Pau Gasol After Being Drafted by the Seattle Storm
8116,Dallas Wings 2025 Season Recap 
7983,Draft Night Messages: Cotie McMahon Reacts to Message from Coach Yo After Being Drafted by Mystics
7936,PERSEVERANCE-MADE presented by CarMax featuring Allisha Gray
7827,Odyssey Sims Is BACK with the Dallas Wings 👀
7759,Draft Night Messages: Ta’Niya Latson Gets Emotional Hearing from Her Sisters
7754,Phoenix Mercury vs Las Vegas Aces Game 1 Post-Game Press Conferences
7729,Draft Night Messages: Marta Suárez Gets Emotional Hearing from Her Dad After Valkyries Selection 🥹
7518,Golden State Valkyries 2025 Season Highlights
7389,Indiana Fever vs. Atlanta Dream Game 1 Post-Game Press Conferences
7278,All-Defensive Second Team: Consistency and Toughness | Defense Week
7267,Kiki Iriafen Earns May Rookie of the Month
7095,Who’s Ready for SZN 30?! 🔥
7000,Jordan Robinson Interviews 2026 No. 1 Draft Pick Azzi Fudd
6835,Alanna Smith is Co-DPOY for a reason 😏
6807,Draft Night Messages: Madina Okot Gets Emotional Hearing from Her Former Coach 🥹
6736,Top 10 Assists of the 2025 Season
6462,Happy National Girls and Women in Sports Day!
6426,Rookies Week: The 2025 All-Rookie Team 🤩
6119,A New Journey for Natisha Hiedeman With the Seattle Storm ⛈️
5868,A legendary year for a legendary career 🤩
5859,Road to September: New York Liberty
5674,Sue Bird. Forever a Husky. 💙
5635,Top Plays From Week 2
5358,"Kiki Iriafen sets a new Career-High in points with 23 and 10 rebounds! (August 10, 2025)"
5281,Jovana Nogic&#39;s 27 PTS is the most PTS scored by an undrafted rookie 👌
5194,Alyssa Thomas &amp; Rhyne Howard Go Point for Point 😮‍💨
4698,Washington Mystics 2025 Season Highlights
4530,Every Triple-Double From Alyssa Thomas’ Historic Three-Game Streak
4481,Best Handles of the 2025 SZN
4458,"Sami Whitcomb Goes Off For Career-High 36 PTS &amp; 7 3PM vs. Dallas 👏 (July 7, 2025)"
4282,CHICAGO-MADE presented by CarMax featuring Aneesah Morrow 
4181,Road to September: Minnesota Lynx
3887,"Allisha Gray Goes Off for Career-High 32 PTS vs. the Mystics! 💥 (June 15, 2025)"
3812,Phoenix Mercury vs. New York Liberty Game 2 Post-Game Press Conferences
3798,Week 9: Western Conference Player of the Week Kayla McBride
3733,Las Vegas Aces vs Seattle Storm Game 2 Post-Game Press Conferences
3673,"Jordin Canada DELIVERS 25 PTS, 5 REB, 5 AST, 4 STL in NEW Career-High!"
3387,Week 1: Western Conference Player of the Week A&#39;ja Wilson
3093,Los Angeles Sparks 2025 Season Highlights
3035,"Sabrina Ionescu 28 PTS Moves Liberty To 6-0 (May 30, 2025)"
2987,Week 11 Eastern Conference Player of the Week: Kelsey Mitchell
2987,"Rhyne Howard and Allisha Gray Combine for 61 PTS in Dream&#39;s Comeback Win (May 30, 2025)"
2745,Week 3 Eastern Conference Player of the Week: Kelsey Mitchell
2567,Week 1 Eastern Conference Player of the Week: Natasha Cloud
2461,Gianna Kneepkens is headed to Connecticut as the No. 15 pick!
2426,August Western Conference Player of the Month: A&#39;ja Wilson
2319,Goats Incoming: Sheryl Celebrates Season 30 in NYC 
2258,Relive Natasha Cloud &amp; Sabrina Ionescu Making All-Star History
2221,A&#39;ja Wilson | Finals Preview
1876,Week 4 Eastern Conference Player of the Week: Allisha Gray
1628,Jordan Robinson Interviews 2026 No. 9 Draft Pick Angela Dugalić
1569,Week 4 Western Conference Player of the Week: Kayla Thornton
1509,Madina Okot is headed to ATL as the No. 13 pick!
1459,Jordan Robinson Interviews 2026 No. 5 Draft Pick Gabriela Jaquez
1389,Jordan Robinson Interviews 2026 No. 8 Draft Pick Flau&#39;jae Johnson
1387,Jordan Robinson Interviews 2026 No. 6 Draft Pick Kiki Rice
1377,Taina Mair is headed to the Storm as the No. 14 pick!
1376,Jordan Robinson Interviews 2026 No. 10 Draft Pick Raven Johnson
1322,Jordan Robinson Interviews 2026 No. 2 Draft Pick Olivia Miles
1311,Nell Angloma is headed to Connecticut as the No. 12 pick!
1307,Taylor Rooks Interviews 2025 No. 3 Draft Pick Sonia Citron
1274,Jordan Robinson Interviews 2026 No. 4 Draft Pick Lauren Betts
925,Week 12: Eastern Conference Player of the Week Tina Charles
817,Jordan Robinson Interviews 2026 No. 3 Draft Pick Awa Fam Thiam
768,Jordan Robinson Interviews 2026 No. 11 Draft Pick Cotie McMahon
